Esbjergvërket Blok 3,DK-West,1,0,1,CKV_EX,0.091666667,0.073972603,48,-,0
Esbjergvërket Blok 3.1,DK-West,1,0,1,CKV_BP,0.091666667,0.073972603,48,-,0.7
Fynsvërket Blok 7,DK-West,1,0,1,CKV_EX,0.091666667,0.073972603,48,-,0
Fynsvërket Blok 7.1,DK-West,1,272,1,CKV_BP,0.091666667,0.073972603,48,-,0.7
Fynsvërket Blok 7.2,DK-West,1,35,1,CKV_BP,0.091666667,0.073972603,48,-,0.7
Fynsvërket Blok 8,DK-West,1,31,1,CKV_BP,0.091666667,0.073972603,48,-,0.7
Herningvërket -,DK-West,1,73.2,1,CKV_BP,0.091666667,0.073972603,48,-,0.7
Nordjyllandsvërket Blok 2,DK-West,1,0,1,CKV_EX,0.091666667,0.073972603,48,-,0
Nordjyllandsvërket Blok 3,DK-West,1,0,1,CKV_EX,0.091666667,0.073972603,48,-,0
Nordjyllandsvërket Blok 3.1,DK-West,1,0,1,CKV_BP,0.091666667,0.073972603,48,-,0.7
Skërbëkvërket Blok 3,DK-West,1,392,1,CKV_EX,0.091666667,0.073972603,48,-,0
Studstrupvërket Blok 3,DK-West,1,0,1,CKV_EX,0.091666667,0.073972603,48,-,0
Studstrupvërket Blok 4,DK-West,1,0,1,CKV_EX,0.091666667,0.073972603,48,-,0
Studstrupvërket Blok 5,DK-West,1,14,1,CKV_GT,0.093333333,0.073972603,48,-,0
Randersvërket -,DK-West,1,52,1,CKV_BP,0.091666667,0.073972603,48,-,0.7
Hjõrring_KV ,DK-West,1,56.15,1,DKV_CC,0.05,0.073972603,48,-,0.7
AVV-Forbrënding_KV ,DK-West,1,3.22,1,DKV_affald,0.05,0.057692308,48,-,0.7
Frederikshavn_KV ,DK-West,1,0,1,DKV_GT,0.05,0.073972603,48,-,0.7
AVù-Forbrënding_KV ,DK-West,1,1.68,1,DKV_affald,0.05,0.057692308,48,-,0.7
Forbrëndingsmotor_Biogas_Frederikshavn ,DK-West,1,0,1,DKV_GM,0.05,0.073972603,48,-,0.7
Brõnderslev_KV ,DK-West,1,22.4,1,DKV_GM,0.05,0.073972603,48,-,0.7
Brõnderslev_ORC_CSP ,DK-West,1,4,1,DKV_bio,0.091666667,0.073972603,48,-,0.7
Thisted-Forbrënding_KV ,DK-West,1,2.31,1,DKV_affald,0.05,0.057692308,48,-,0.7
Forbrëndingsmotor_Naturgas_Thisted ,DK-West,1,0,1,DKV_GM,0.05,0.073972603,48,-,0.7
MÜbjergvërket_KV ,DK-West,1,18.9,1,DKV_affald,0.05,0.057692308,48,-,0.7
Forbrëndingsmotor_Biogas_HolstebroStruer ,DK-West,1,0,1,DKV_GM,0.05,0.073972603,48,-,0.7
Viborg_KV ,DK-West,1,57,1,DKV_CC,0.05,0.073972603,48,-,0.7
GrenÜ_KV ,DK-West,1,0,1,DKV_bio,0.091666667,0.073972603,48,-,0.7
Forbrëndingsmotor_Naturgas_Herning ,DK-West,1,0,1,DKV_GM,0.05,0.073972603,48,-,0.7
Forbrëndingsmotor_Biogas_Herning ,DK-West,1,0,1,DKV_GM,0.05,0.073972603,48,-,0.7
Silkeborg_KV ,DK-West,1,54.25,1,DKV_CC,0.05,0.073972603,48,-,0.7
Silkeborg_KV_Ombygget ,DK-West,1,54.3,1,DKV_CC,0.05,0.073972603,48,-,0.7
Lisbjerg_KV ,DK-West,1,37,1,DKV_bio,0.091666667,0.073972603,48,-,0.7
RenoSyd_KV ,DK-West,1,1.995,1,CKV_affald,0.05,0.057692308,48,-,0
èrhus-Forbrënding_KV_Ovn4 ,DK-West,1,7.91,1,CKV_affald,0.05,0.057692308,48,-,0
èrhus-Forbrënding_KV_Ovn2 ,DK-West,1,3.15,1,CKV_affald,0.05,0.057692308,48,-,0
èrhus-Forbrënding_KV_Ovn1 ,DK-West,1,3.15,1,CKV_affald,0.05,0.057692308,48,-,0
Forbrëndingsmotor_Biogas_èrhus ,DK-West,1,0,1,DKV_GM,0.05,0.073972603,48,-,0.7
Horsens_KV ,DK-West,1,4.9,1,DKV_CC,0.05,0.073972603,48,-,0.7
L90-Esbjerg-Forbrënding_KV ,DK-West,1,12.95,1,CKV_affald,0.05,0.057692308,48,-,0
Forbrëndingsmotor_Biogas_Esbjerg ,DK-West,1,0,1,DKV_GM,0.05,0.073972603,48,-,0.7
TAS-Forbrënding_KV ,DK-West,1,4.382,1,CKV_affald,0.05,0.057692308,48,-,0
Forbrëndingsmotor_Biogas_TVIS ,DK-West,1,0,1,DKV_GM,0.05,0.073972603,48,-,0.7
Sõnderborg_KV ,DK-West,1,3.5,1,DKV_CC,0.05,0.073972603,48,-,0.7
Odense_KV_Affaldslinje11+12 ,DK-West,1,6.3,1,CKV_affald,0.05,0.057692308,48,-,0
Odense_KV_Affaldslinje11+12_Levetidsforlënget ,DK-West,1,0,1,CKV_affald,0.05,0.057692308,48,-,0
Odense_KV_Affaldslinje13 ,DK-West,1,9.1,1,CKV_affald,0.05,0.057692308,48,-,0
Odense_KV_Affaldslinje13_Levetidsforlënget ,DK-West,1,0,1,CKV_affald,0.05,0.057692308,48,-,0
DalumPapir_KV ,DK-West,1,0,1,DKV_bio,0.091666667,0.073972603,48,-,0.7
Motor_Naturgas_Odense ,DK-West,1,5.58,1,DKV_GM,0.05,0.073972603,48,-,0.7
Motor_Biogas_Odense ,DK-West,1,0,1,DKV_GM,0.05,0.073972603,48,-,0.7
Motor_Olie_Odense ,DK-West,1,0,1,DKV_GM,0.05,0.073972603,48,-,0.7
Svendborg_KV ,DK-West,1,3.15,1,DKV_affald,0.05,0.057692308,48,-,0.7
Forbrëndingsmotor_Naturgas_Svendborg ,DK-West,1,0,1,DKV_GM,0.05,0.073972603,48,-,0.7
Lõgumkloster_KV ,DK-West,1,0,1,DKV_GM,0.05,0.073972603,48,-,0.7
Gasturbine_Naturgas_NG_DK-West ,DK-West,1,35.436,7,DKV_GT,0.05,0.073972603,48,-,0.7
Skive_KV ,DK-West,1,0,1,DKV_GM,0.05,0.073972603,48,-,0.7
Biomasse_KV_BIO_DK-West ,DK-West,1,0,1,DKV_bio,0.091666667,0.073972603,48,-,0.7
Gasturbine_Naturgas_BIO_DK-West ,DK-West,1,0,1,DKV_GT,0.05,0.073972603,48,-,0.7
Aars_KV ,DK-West,1,2.023,1,DKV_affald,0.05,0.057692308,48,-,0.7
Kombianlëg_NG ,DK-West,1,11.9,1,DKV_GM,0.05,0.073972603,48,-,0.7
Gasturbine_Esbjerg ,DK-West,1,25,1,Regulerkraft,0.05,0.073972603,48,-,0
Forbrëndingsmotor_Anholt ,DK-West,1,2.4,1,DKV_GM,0.05,0.073972603,48,-,0.7
Nõdstrõmsanlëg ,DK-West,1,0,1,Regulerkraft,0.05,0.073972603,48,-,0
I/S Reno Nord ,DK-West,1,4.9,1,CKV_affald,0.05,0.057692308,48,-,0
Forbrëndingsmotor_ùstermoseBioenergi ,DK-West,1,0,1,DKV_GM,0.05,0.073972603,48,-,0.7
Motorer - restomrÜder - DK1 ,DK-West,1,394.2840487,79,DKV_GM,0.05,0.073972603,48,-,0.7
I/S Reno Nord ,DK-West,1,12.53,1,CKV_affald,0.05,0.057692308,48,-,0
ùvrig decentral regulerkraft-Vest ,DK-West,1,8.386343156,2,Regulerkraft,0.05,0.073972603,48,-,0
Overskudsel_DK-West ,DK-West,1,120.683,1,ICHP,0,0,0,ICHP,0
Havvind DKV,DK-West,1,2787,1,Wind,0,0,0,WS1985_40_DK1,0
Kystvind DKV,DK-West,1,200,1,Wind,0,0,0,WS1985_40_DK1,0
EnergiõVest,EnergyIsland,5,0,1,Wind,0,0,0,WS1985_40_DK1,0
Landvind DKV,DK-West,1,3345.35,1,Wind,0,0,0,WL1985_40_DK1,0
Solceller DKV,DK-West,1,8060,1,Solar,0,0,0,PV1985_30_DK1,0
VandkraftDK,DK-West,1,6.93,1,ROR,0,0,0,HY1985_DE,0
DivKapDK1,DK-West,1,0,1,StratRes,0.2,0,48,-,0
FlatDemandDK1,DK-West,1,-1117.776919,1,Demand,0,0,0,-,0
ReservesDK-West,DK-West,1,-110,1,RS,0,0,0,-,0
Amagervërket Blok 1,DK-East,2,0,1,CKV_BP,0.091666667,0.073972603,48,-,0.7
Amagervërket Blok 3,DK-East,2,0,1,CKV_EX,0.091666667,0.073972603,48,-,0
Amagervërket Blok 4,DK-East,2,150,1,CKV_BP,0.091666667,0.073972603,48,-,0.7
Asnësvërket Blok 2,DK-East,2,0,1,CKV_EX,0.091666667,0.073972603,48,-,0
Asnësvërket Blok 2.1,DK-East,2,0,1,CKV_BP,0.091666667,0.073972603,48,-,0.7
Asnësvërket Blok 4,DK-East,2,0,1,CKV_EX,0.091666667,0.073972603,48,-,0
Asnësvërket Blok 5,DK-East,2,0,1,CKV_EX,0.091666667,0.073972603,48,-,0
Asnësvërket Blok 6,DK-East,2,25,1,CKV_BP,0.091666667,0.073972603,48,-,0.7
Avedõrevërket Blok 1,DK-East,2,0,1,CKV_EX,0.091666667,0.073972603,48,-,0
Avedõrevërket Blok 2,DK-East,2,560,1,CKV_EX,0.091666667,0.073972603,48,-,0
H.C. ùrstedsvërket Sektion 2 (Blok 1-4),DK-East,2,0,1,CKV_BP,0.091666667,0.073972603,48,-,0.7
H.C. ùrstedsvërket Blok 7,DK-East,2,0,1,CKV_BP,0.091666667,0.073972603,48,-,0.7
H.C. ùrstedsvërket Blok 8,DK-East,2,0,1,CKV_GT,0.093333333,0.073972603,48,-,0
Kyndbyvërket Blok 21,DK-East,2,2,1,CKV_EX,0.091666667,0.073972603,48,-,0
Stigsnësvërket Blok 1,DK-East,2,0,1,CKV_EX,0.091666667,0.073972603,48,-,0
Stigsnësvërket Blok 2,DK-East,2,0,1,CKV_EX,0.091666667,0.073972603,48,-,0
Svanemõllevërket Blok 1-3,DK-East,2,0,1,CKV_BP,0.091666667,0.073972603,48,-,0.7
Svanemõllevërket Blok 7,DK-East,2,0,1,CKV_BP,0.091666667,0.073972603,48,-,0.7
ùstkraft Blok 6,Bornholm,3,37,1,CKV_EX,0.091666667,0.073972603,48,-,0
Kyndbyvërket Blok 22,DK-East,2,260,1,KYV22,0.093333333,0.073972603,48,-,0
Kyndbyvërket Blok 41,DK-East,2,18,1,CKV_GT,0.093333333,0.073972603,48,-,0
Kyndbyvërket Blok 51,DK-East,2,63,1,CKV_GT,0.093333333,0.073972603,48,-,0
Kyndbyvërket Blok 52,DK-East,2,63,1,CKV_GT,0.093333333,0.073972603,48,-,0
Masnedõvërket Blok 31,DK-East,2,70,1,CKV_GT,0.093333333,0.073972603,48,-,0
ùstkraft Dieselvërk,Bornholm,3,19.6,4,CKV_DI,0.093333333,0.073972603,48,-,0
ùstkraft Blok 5,Bornholm,3,27.5,1,KYV22,0.093333333,0.073972603,48,-,0
ùstkraft Blok 7,Bornholm,3,15,3,CKV_DI,0.093333333,0.073972603,48,-,0
Helsingõr_KV ,DK-East,2,55,1,DKV_CC,0.05,0.073972603,48,-,0.7
Helsingõr_KV_GT ,DK-East,2,0,1,DKV_CC,0.05,0.073972603,48,-,0
Helsingõr_KV_2 ,DK-East,2,0,1,DKV_CC,0.05,0.073972603,48,-,0.7
Nordforbrënding_KV ,DK-East,2,5.6,1,CKV_affald,0.05,0.057692308,48,-,0
Forbrëndingsmotor_Naturgas_Helsingõr ,DK-East,2,0,1,DKV_GM,0.05,0.073972603,48,-,0.7
Hillerõd_KV ,DK-East,2,0,1,DKV_CC,0.05,0.073972603,48,-,0.7
Hillerõd_KV_ORC ,DK-East,2,5.12,1,DKV_bio,0.091666667,0.073972603,48,-,0.7
Flisforgasser_Gasmotor_Hillerõd ,DK-East,2,3.94,1,DKV_GM,0.05,0.073972603,48,-,0.7
DTU_KV ,DK-East,2,38.5,1,DKV_CC,0.05,0.073972603,48,-,0.7
Koge_KV_Blok7 ,DK-East,2,0,1,DKV_bio,0.091666667,0.073972603,48,-,0.7
Koge_KV_Blok8 ,DK-East,2,15,1,DKV_bio,0.091666667,0.073972603,48,-,0.7
ARC_KV_AmagerBakke ,DK-East,2,43.4,1,CKV_affald,0.05,0.057692308,48,-,0
KARA-Forbrënding_KV_Anlëg5 ,DK-East,2,9.59,1,CKV_affald,0.05,0.057692308,48,-,0
KARA-Forbrënding_KV_Anlëg6 ,DK-East,2,13.58,1,CKV_affald,0.05,0.057692308,48,-,0
Vestforbrënding_KV_Anlëg5 ,DK-East,2,11.9,1,CKV_affald,0.05,0.057692308,48,-,0
Vestforbrënding_KV_Anlëg6 ,DK-East,2,15.4,1,CKV_affald,0.05,0.057692308,48,-,0
Forbrëndingsmotor_Biogas_KBH ,DK-East,2,0,1,DKV_GM,0.05,0.073972603,48,-,0.7
Slagelse-Forbrënding_KV ,DK-East,2,7.63,1,DKV_affald,0.05,0.057692308,48,-,0.7
MasnedõKV ,DK-East,2,9.98,1,DKV_bio,0.091666667,0.073972603,48,-,0.7
MariboSakskõbing_KV ,DK-East,2,11.5,1,DKV_bio,0.091666667,0.073972603,48,-,0.7
Haslev_KV ,DK-East,2,0,1,DKV_bio,0.091666667,0.073972603,48,-,0.7
Nõdstrõmsanlëg_DK-East ,DK-East,2,3.6,1,DKV_GM,0.05,0.073972603,48,-,0.7
NykõbingFalster-Forbrënding_KV ,DK-East,2,4.69,1,DKV_affald,0.05,0.057692308,48,-,0.7
Nëstved-Forbrënding_KV ,DK-East,2,9.023,1,DKV_affald,0.05,0.057692308,48,-,0.7
Motorer - restomrÜder - DK2 ,DK-East,2,110.9997778,22,DKV_GM,0.05,0.073972603,48,-,0.7
ùvrig decentral regulerkraft-ùst ,DK-East,2,36,7,Regulerkraft,0.05,0.073972603,48,-,0
Overskudsel_DK-East ,DK-East,2,40.165,1,ICHP,0,0,0,ICHP,0
I/S Norfors ,DK-East,2,5.18,1,CKV_affald,0.05,0.057692308,48,-,0
Havvind DKù,DK-East,2,2004.8,1,Wind,0,0,0,WS1985_40_DK2,0
Kystvind DKù,DK-East,2,500,1,Wind,0,0,0,WS1985_40_DK2,0
Landvind DKù,DK-East,2,693.285,1,Wind,0,0,0,WL1985_40_DK2,0
Solceller DKù,DK-East,2,4598.55,1,Solar,0,0,0,PV1985_30_DK2,0
VindBornholm,Bornholm,3,37,1,Wind,0,0,0,WL1985_30_DK2,0
PVBornholm,Bornholm,3,46.45,1,Solar,0,0,0,PV1985_30_DK2,0
HavvindKF,KriegersFlak,4,600,1,Wind,0,0,0,WS1985_40_DKKF,0
Energiõùst,Bornholm,3,0,1,Wind,0,0,0,WS1985_40_DKKF,0
DivKapDK2,DK-West,2,0,1,StratRes,0.2,0,48,-,0
FlatDemandDK2,DK-West,1,-233.5900374,1,Demand,0,0,0,-,0
ReservesDK-East,DK-East,2,-86,1,RS,0,0,0,-,0
Nuclear_NOm,NOm,6,0,1,Nuclear,0.05,0.15,96,-,0
Lignite_NOm,NOm,6,0,1,KulUdland,0.091666667,0.073972603,48,-,0
Coal_NOm,NOm,6,0,1,KulUdland,0.091666667,0.073972603,48,-,0
Gas_NOm,NOm,6,0,1,GasUdland,0.05,0.073972603,48,-,0
Oil_NOm,NOm,6,0,1,OlieUdland,0.093333333,0.073972603,48,-,0
HydroRun_NOm,NOm,6,0,1,ROR,0,0,0,No_RoR,0
HydroTurbine_NOm,NOm,6,0,1,HydroRes,0.05,0.11,48,-,0
HydroPump_NOm,NOm,6,5381,108,HydroRes,0.05,0.11,48,-,0
WindLand_NOm,NOm,6,1788,1,Wind,0,0,0,WL1985_40_NOm,0
WindSea_NOm,NOm,6,0,1,Wind,0,0,0,WS1985_40_NOm,0
PV_NOm,NOm,6,0,1,Solar,0,0,0,PV1985_30_NOm,0
SolarTh_NOm,NOm,6,0,1,Solar,0,0,0,PV1985_30_NOm,0
OtherRES_NOm,NOm,6,0,1,OtherRes_NO,0,0,0,-,0
OtherNonRES_NOm,NOm,6,20,1,OtherNonRes_NO,0,0,0,-,0
Biofuels_NOm,NOm,6,0,1,Biofuels,0.091666667,0.073972603,48,-,0
Peat_NOm,NOm,6,0,1,Peat,0.091666667,0.073972603,48,-,0
DSR_NOm,NOm,6,1424,142,DSR,0.25,0.05,48,-,0
Battery_NOm,NOm,6,0,1,Battery,0.2,0.05,48,-,0
ReservesNOm,NOm,6,-150,1,RS,0,0,0,-,0
Nuclear_NOn,NOn,7,0,1,Nuclear,0.05,0.15,96,-,0
Lignite_NOn,NOn,7,0,1,KulUdland,0.091666667,0.073972603,48,-,0
Coal_NOn,NOn,7,0,1,KulUdland,0.091666667,0.073972603,48,-,0
Gas_NOn,NOn,7,0,1,GasUdland,0.05,0.073972603,48,-,0
Oil_NOn,NOn,7,0,1,OlieUdland,0.093333333,0.073972603,48,-,0
HydroRun_NOn,NOn,7,0,1,ROR,0,0,0,No_RoR,0
HydroTurbine_NOn,NOn,7,0,1,HydroRes,0.05,0.11,48,-,0
HydroPump_NOn,NOn,7,5900,118,HydroRes,0.05,0.11,48,-,0
WindLand_NOn,NOn,7,2000,1,Wind,0,0,0,WL1985_40_NOn,0
WindSea_NOn,NOn,7,0,1,Wind,0,0,0,WS1985_40_NOn,0
PV_NOn,NOn,7,0,1,Solar,0,0,0,PV1985_30_NOn,0
SolarTh_NOn,NOn,7,0,1,Solar,0,0,0,PV1985_30_NOn,0
OtherRES_NOn,NOn,7,40,1,OtherRes_NOn,0,0.25,0,-,0
OtherNonRES_NOn,NOn,7,195,4,OtherNonRes_NO,0,0,0,-,0
Biofuels_NOn,NOn,7,0,1,Biofuels,0.091666667,0.073972603,48,-,0
Peat_NOn,NOn,7,0,1,Peat,0.091666667,0.073972603,48,-,0
DSR_NOn,NOn,7,1296,130,DSR,0.25,0.05,48,-,0
Battery_NOn,NOn,7,0,1,Battery,0.2,0.05,48,-,0
ReservesNOn,NOn,7,-150,1,RS,0,0,0,-,0
Nuclear_NOs,NOs,8,0,1,Nuclear,0.05,0.15,96,-,0
Lignite_NOs,NOs,8,0,1,KulUdland,0.091666667,0.073972603,48,-,0
Coal_NOs,NOs,8,0,1,KulUdland,0.091666667,0.073972603,48,-,0
Gas_NOs,NOs,8,0,1,GasUdland,0.05,0.073972603,48,-,0
Oil_NOs,NOs,8,0,1,OlieUdland,0.093333333,0.073972603,48,-,0
HydroRun_NOs,NOs,8,0,1,ROR,0,0,0,No_RoR,0
HydroTurbine_NOs,NOs,8,0,1,HydroRes,0.05,0.11,48,-,0
HydroPump_NOs,NOs,8,24780,496,HydroRes,0.05,0.11,48,-,0
WindLand_NOs,NOs,8,4324,1,Wind,0,0,0,WL1985_40_NOs,0
WindSea_NOs,NOs,8,0,1,Wind,0,0,0,WS1985_40_NOs,0
PV_NOs,NOs,8,1000,1,Solar,0,0,0,PV1985_30_NOs,0
SolarTh_NOs,NOs,8,0,1,Solar,0,0,0,PV1985_30_NOs,0
OtherRES_NOs,NOs,8,36,1,OtherRes_NO,0,0,0,-,0
OtherNonRES_NOs,NOs,8,50,1,OtherNonRes_NO,0,0,0,-,0
Biofuels_NOs,NOs,8,0,1,Biofuels,0.091666667,0.073972603,48,-,0
Peat_NOs,NOs,8,0,1,Peat,0.091666667,0.073972603,48,-,0
DSR_NOs,NOs,8,3584,358,DSR,0.25,0.05,48,-,0
Battery_NOs,NOs,8,0,1,Battery,0.2,0.05,48,-,0
ReservesNOs,NOs,8,-600,1,RS,0,0,0,-,0
Nuclear_SE1,SE1,9,0,1,NuclearSweden,0.05,0.16,96,-,0
Lignite_SE1,SE1,9,0,1,KulUdland,0.091666667,0.073972603,48,-,0
Coal_SE1,SE1,9,0,1,KulUdland,0.091666667,0.073972603,48,-,0
Gas_SE1,SE1,9,0,1,GasUdland,0.05,0.073972603,48,-,0
Oil_SE1,SE1,9,0,1,OlieUdland,0.093333333,0.073972603,48,-,0
HydroRun_SE1,SE1,9,0,1,ROR,0,0,0,No_RoR,0
HydroTurbine_SE1,SE1,9,5315,106,HydroRes,0.05,0.11,48,-,0
HydroPump_SE1,SE1,9,0,1,HydroPumpOL,0.2,0.05,48,-,0
WindLand_SE1,SE1,9,5466,1,Wind,0,0,0,WL1985_40_SE1,0
WindSea_SE1,SE1,9,0,1,Wind,0,0,0,WS1985_40_SE1,0
PV_SE1,SE1,9,20,1,Solar,0,0,0,PV1985_30_SE1,0
SolarTh_SE1,SE1,9,0,1,Solar,0,0,0,PV1985_30_SE1,0
OtherRES_SE1,SE1,9,276,1,MustRun,0,0,0,OtherRes_SE1,0
OtherNonRES_SE1,SE1,9,0,1,OtherNONRE,0.091666667,0.073972603,48,ICHP,0
Biofuels_SE1,SE1,9,0,1,Biofuels,0.091666667,0.073972603,48,-,0
Peat_SE1,SE1,9,0,1,Peat,0.091666667,0.073972603,48,-,0
DSR_SE1,SE1,9,0,1,DSR,0.25,0.05,48,-,0
Battery_SE1,SE1,9,340,34,Battery,0.2,0.05,48,-,0
ReservesSE1,SE1,9,-410,1,RS,0,0,0,-,0
Nuclear_SE2,SE2,10,0,1,NuclearSweden,0.05,0.16,96,-,0
Lignite_SE2,SE2,10,0,1,KulUdland,0.091666667,0.073972603,48,-,0
Coal_SE2,SE2,10,0,1,KulUdland,0.091666667,0.073972603,48,-,0
Gas_SE2,SE2,10,53,1,GasUdland,0.05,0.073972603,48,-,0
Oil_SE2,SE2,10,0,1,OlieUdland,0.093333333,0.073972603,48,-,0
HydroRun_SE2,SE2,10,0,1,ROR,0,0,0,No_RoR,0
HydroTurbine_SE2,SE2,10,8055,161,HydroRes,0.05,0.11,48,-,0
HydroPump_SE2,SE2,10,0,1,HydroPumpOL,0.2,0.05,48,-,0
WindLand_SE2,SE2,10,7956,1,Wind,0,0,0,WL1985_40_SE2,0
WindSea_SE2,SE2,10,0,1,Wind,0,0,0,WS1985_40_SE2,0
PV_SE2,SE2,10,340,1,Solar,0,0,0,PV1985_30_SE2,0
SolarTh_SE2,SE2,10,0,1,Solar,0,0,0,PV1985_30_SE2,0
OtherRES_SE2,SE2,10,575,1,MustRun,0,0,0,OtherRes_SE2,0
OtherNonRES_SE2,SE2,10,0,1,OtherNONRE,0.091666667,0.073972603,48,ICHP,0
Biofuels_SE2,SE2,10,0,1,Biofuels,0.091666667,0.073972603,48,-,0
Peat_SE2,SE2,10,0,1,Peat,0.091666667,0.073972603,48,-,0
DSR_SE2,SE2,10,0,1,DSR,0.25,0.05,48,-,0
Battery_SE2,SE2,10,591,59,Battery,0.2,0.05,48,-,0
ReservesSE2,SE2,10,-1040,1,RS,0,0,0,-,0
Nuclear_SE3,SE3,11,0,1,NuclearSweden,0.05,0.16,96,-,0
Lignite_SE3,SE3,11,0,1,KulUdland,0.091666667,0.073972603,48,-,0
Coal_SE3,SE3,11,0,1,KulUdland,0.091666667,0.073972603,48,-,0
Gas_SE3,SE3,11,324,3,GasUdland,0.05,0.073972603,48,-,0
Oil_SE3,SE3,11,0,1,OlieUdland,0.093333333,0.073972603,48,-,0
HydroRun_SE3,SE3,11,0,1,ROR,0,0,0,No_RoR,0
HydroTurbine_SE3,SE3,11,2911,58,HydroRes,0.05,0.11,48,-,0
HydroPump_SE3,SE3,11,0,1,HydroPumpOL,0.2,0.05,48,-,0
WindLand_SE3,SE3,11,5753,1,Wind,0,0,0,WL1985_40_SE3,0
WindSea_SE3,SE3,11,1770,1,Wind,0,0,0,WS1985_40_SE3,0
PV_SE3,SE3,11,5110,1,Solar,0,0,0,PV1985_30_SE3,0
SolarTh_SE3,SE3,11,0,1,Solar,0,0,0,PV1985_30_SE3,0
OtherRES_SE3,SE3,11,2633,1,MustRun,0,0,0,OtherRes_SE3,0
OtherNonRES_SE3,SE3,11,0,1,OtherNONRE,0.091666667,0.073972603,48,ICHP,0
Biofuels_SE3,SE3,11,0,1,Biofuels,0.091666667,0.073972603,48,-,0
Peat_SE3,SE3,11,0,1,Peat,0.091666667,0.073972603,48,-,0
DSR_SE3,SE3,11,0,1,DSR,0.25,0.05,48,-,0
Battery_SE3,SE3,11,2812,281,Battery,0.2,0.05,48,-,0
ReservesSE3,SE3,11,-130,1,RS,0,0,0,-,0
Nuclear_SE4,SE4,12,0,1,NuclearSweden,0.05,0.16,96,-,0
Lignite_SE4,SE4,12,0,1,KulUdland,0.091666667,0.073972603,48,-,0
Coal_SE4,SE4,12,0,1,KulUdland,0.091666667,0.073972603,48,-,0
Gas_SE4,SE4,12,0,1,GasUdland,0.05,0.073972603,48,-,0
Oil_SE4,SE4,12,0,1,OlieUdland,0.093333333,0.073972603,48,-,0
HydroRun_SE4,SE4,12,0,1,ROR,0,0,0,No_RoR,0
HydroTurbine_SE4,SE4,12,349,7,HydroRes,0.05,0.11,48,-,0
HydroPump_SE4,SE4,12,0,1,HydroPumpOL,0.2,0.05,48,-,0
WindLand_SE4,SE4,12,4091,1,Wind,0,0,0,WL1985_40_SE4,0
WindSea_SE4,SE4,12,760,1,Wind,0,0,0,WS1985_40_SE4,0
PV_SE4,SE4,12,1900,1,Solar,0,0,0,PV1985_30_SE4,0
SolarTh_SE4,SE4,12,0,1,Solar,0,0,0,PV1985_30_SE4,0
OtherRES_SE4,SE4,12,701,1,MustRun,0,0,0,OtherRes_SE4,0
OtherNonRES_SE4,SE4,12,0,1,OtherNONRE,0.091666667,0.073972603,48,ICHP,0
Biofuels_SE4,SE4,12,0,1,Biofuels,0.091666667,0.073972603,48,-,0
Peat_SE4,SE4,12,0,1,Peat,0.091666667,0.073972603,48,-,0
DSR_SE4,SE4,12,0,1,DSR,0.25,0.05,48,-,0
Battery_SE4,SE4,12,756,76,Battery,0.2,0.05,48,-,0
ReservesSE4,SE4,12,-50,1,RS,0,0,0,-,0
Nuclear_Finland,Finland,13,3690,4,NuclearFinland,0.05,0.039,96,-,0
Lignite_Finland,Finland,13,0,1,KulUdland,0.091666667,0.073972603,48,-,0
Coal_Finland,Finland,13,737,2,KulUdland,0.091666667,0.073972603,48,-,0
Gas_Finland,Finland,13,605,6,GasUdland,0.05,0.073972603,48,-,0
Oil_Finland,Finland,13,0,1,OlieUdland,0.093333333,0.073972603,48,-,0
HydroRun_Finland,Finland,13,0,1,ROR,0,0,0,No_RoR,0
HydroTurbine_Finland,Finland,13,3200,64,HydroRes,0.05,0.11,48,-,0
HydroPump_Finland,Finland,13,0,1,HydroPumpOL,0.2,0.05,48,-,0
WindLand_Finland,Finland,13,14609,1,Wind,0,0,0,WL1985_40_FI,0
WindSea_Finland,Finland,13,42,1,Wind,0,0,0,WS1985_40_FI,0
PV_Finland,Finland,13,1600,1,Solar,0,0,0,PV1985_30_FI,0
SolarTh_Finland,Finland,13,0,1,Solar,0,0,0,PV1985_30_FI,0
OtherRES_Finland,Finland,13,3043,1,MustRun,0,0,0,OtherRes_FI,0
OtherNonRES_Finland,Finland,13,1805,1,MustRun,0,0,0,OtherNonRes_FI,0
Biofuels_Finland,Finland,13,0,1,Biofuels,0.091666667,0.073972603,48,-,0
Peat_Finland,Finland,13,0,1,Peat,0.091666667,0.073972603,48,-,0
DSR_Finland,Finland,13,8550,855,DSR,0.25,0.05,48,-,0
Battery_Finland,Finland,13,1900,190,Battery,0.2,0.05,48,-,0
ReservesFinland,Finland,13,-1700,1,RS,0,0,0,-,0
Nuclear_DELU,DELU,14,0,1,Kernekraft_DE,0.05,0.068,96,-,0
Lignite_DELU,DELU,14,0,1,KulUdland,0.091666667,0.073972603,48,-,0
Coal_DELU,DELU,14,0,1,KulUdland,0.091666667,0.073972603,48,-,0
Gas_DELU,DELU,14,21176,212,GasUdland,0.05,0.073972603,48,-,0
Oil_DELU,DELU,14,223,4,OlieUdland,0.093333333,0.073972603,48,-,0
HydroRun_DELU,DELU,14,4082,1,ROR,0,0,0,HY1985_DE,0
HydroTurbine_DELU,DELU,14,2941,59,HydroRes,0.05,0.11,48,HYlimit_DE,0
HydroPump_DELU,DELU,14,6056,121,HydroPumpCL,0.2,0.05,48,-,0
WindLand_DELU,DELU,14,91150,1,Wind,0,0,0,WL1985_40_DELU,0
WindSea_DELU,DELU,14,35551,1,Wind,0,0,0,WS1985_40_DELU,0
PV_DELU,DELU,14,98824,1,Solar,0,0,0,PV1985_30_DELU,0
SolarTh_DELU,DELU,14,0,1,Solar,0,0,0,PV1985_30_DELU,0
OtherRES_DELU,DELU,14,5288,106,OtherRes_DELU,0,0.341902962,0,-,0
OtherNonRES_DELU,DELU,14,20599,1,MustRun,0,0,0,OtherNonRes_DELU,0
Biofuels_DELU,DELU,14,0,1,Biofuels,0.091666667,0.073972603,48,-,0
Peat_DELU,DELU,14,0,1,Peat,0.091666667,0.073972603,48,-,0
DSR_DELU,DELU,14,1824,182,DSR,0.25,0.05,48,-,0
Battery_DELU,DELU,14,8394,839,Battery,0.2,0.05,48,-,0
ReservesDELU,DELU,14,-5379,1,RS,0,0,0,-,0
Nuclear_Austria,Austria,15,0,1,Nuclear,0.05,0.15,96,-,0
Lignite_Austria,Austria,15,0,1,KulUdland,0.091666667,0.073972603,48,-,0
Coal_Austria,Austria,15,0,1,KulUdland,0.091666667,0.073972603,48,-,0
Gas_Austria,Austria,15,1623,16,GasUdland,0.05,0.073972603,48,-,0
Oil_Austria,Austria,15,0,1,OlieUdland,0.093333333,0.073972603,48,-,0
HydroRun_Austria,Austria,15,6292,1,ROR,0,0,0,HY1985_AT,0
HydroTurbine_Austria,Austria,15,7778,156,HydroRes,0.05,0.11,48,-,0
HydroPump_Austria,Austria,15,300,6,HydroPumpCL,0.2,0.05,48,-,0
WindLand_Austria,Austria,15,13000,1,Wind,0,0,0,WL1985_40_AT,0
WindSea_Austria,Austria,15,0,1,Wind,0,0,0,WS1985_25_AT,0
PV_Austria,Austria,15,22000,1,Solar,0,0,0,PV1985_30_AT,0
SolarTh_Austria,Austria,15,0,1,Solar,0,0,0,PV1985_30_AT,0
OtherRES_Austria,Austria,15,599,12,OtherRes_AT,0,0.354679803,0,-,0
OtherNonRES_Austria,Austria,15,953,19,OtherNonRES_AT,0,0.431413613,0,-,0
Biofuels_Austria,Austria,15,0,1,Biofuels,0.091666667,0.073972603,48,-,0
Peat_Austria,Austria,15,0,1,Peat,0.091666667,0.073972603,48,-,0
DSR_Austria,Austria,15,0,1,DSR,0.25,0.05,48,-,0
Battery_Austria,Austria,15,2469,247,Battery,0.2,0.05,48,-,0
ReservesAustria,Austria,15,-544.3173862,1,RS,0,0,0,-,0
Nuclear_Holland,Holland,16,0,1,Borssele,0.05,0.111,96,-,0
Lignite_Holland,Holland,16,0,1,KulUdland,0.091666667,0.073972603,48,-,0
Coal_Holland,Holland,16,3381,8,KulUdland,0.091666667,0.073972603,48,-,0
Gas_Holland,Holland,16,9293,93,GasUdland,0.05,0.073972603,48,-,0
Oil_Holland,Holland,16,0,1,OlieUdland,0.093333333,0.073972603,48,-,0
HydroRun_Holland,Holland,16,46,1,ROR,0,0,0,HY1985_NL,0
HydroTurbine_Holland,Holland,16,0,1,HydroRes,0.05,0.11,48,-,0
HydroPump_Holland,Holland,16,0,1,HydroPumpCL,0.2,0.05,48,-,0
WindLand_Holland,Holland,16,9382,1,Wind,0,0,0,WL1985_40_NL,0
WindSea_Holland,Holland,16,16151,1,Wind,0,0,0,WS1985_40_NL,0
PV_Holland,Holland,16,25000,1,Solar,0,0,0,PV1985_30_NL,0
SolarTh_Holland,Holland,16,0,1,Solar,0,0,0,PV1985_30_NL,0
OtherRES_Holland,Holland,16,540,11,OtherRES_NL,0,0.6,0,-,0
OtherNonRES_Holland,Holland,16,3770,75,OtherNonRes_NL,0,0.579770115,0,-,0
Biofuels_Holland,Holland,16,0,1,Biofuels,0.091666667,0.073972603,48,-,0
Peat_Holland,Holland,16,0,1,Peat,0.091666667,0.073972603,48,-,0
DSR_Holland,Holland,16,700,70,DSR,0.25,0.05,48,-,0
Battery_Holland,Holland,16,3475,348,Battery,0.2,0.05,48,-,0
ReservesHolland,Holland,16,-1500,1,RS,0,0,0,-,0
Nuclear_GB,GB,17,14290,24,NuclearGB,0.05,0.238,96,-,0
Lignite_GB,GB,17,0,1,KulUdland,0.091666667,0.073972603,48,-,0
Coal_GB,GB,17,3984,10,KulUdland,0.091666667,0.073972603,48,-,0
Gas_GB,GB,17,37171,372,GasUdland,0.05,0.073972603,48,-,0
Oil_GB,GB,17,371,7,OlieUdland,0.093333333,0.073972603,48,-,0
HydroRun_GB,GB,17,1969,1,ROR,0,0,0,HY1985_GB,0
HydroTurbine_GB,GB,17,0,1,HydroRes,0.05,0.11,48,-,0
HydroPump_GB,GB,17,4004,80,HydroPumpCL,0.2,0.05,48,-,0
WindLand_GB,GB,17,15989,1,Wind,0,0,0,WL1985_40_GB,0
WindSea_GB,GB,17,34995,1,Wind,0,0,0,WS1985_40_GB,0
PV_GB,GB,17,25890,1,Solar,0,0,0,PV1985_30_GB,0
SolarTh_GB,GB,17,0,1,Solar,0,0,0,PV1985_30_GB,0
OtherRES_GB,GB,17,4700,94,OtherRes_GB,0,0.247573862,0,-,0
OtherNonRES_GB,GB,17,7432,149,OtherNonRES_GB,0,0.074312303,0,-,0
Biofuels_GB,GB,17,0,1,Biofuels,0.091666667,0.073972603,48,-,0
Peat_GB,GB,17,0,1,Peat,0.091666667,0.073972603,48,-,0
DSR_GB,GB,17,1823,182,DSR,0.25,0.05,48,-,0
Battery_GB,GB,17,4260,426,Battery,0.2,0.05,48,-,0
ReservesGB,GB,17,-3409,1,RS,0,0,0,-,0
Nuclear_France,France,18,43129,40,NuclearFR,0.05,0.223,96,-,0
Lignite_France,France,18,0,1,KulUdland,0.091666667,0.073972603,48,-,0
Coal_France,France,18,0,1,KulUdland,0.091666667,0.073972603,48,-,0
Gas_France,France,18,6944,69,GasUdland,0.05,0.073972603,48,-,0
Oil_France,France,18,0,1,OlieUdland,0.093333333,0.073972603,48,-,0
HydroRun_France,France,18,13600,1,ROR,0,0,0,HY1985_FR,0
HydroTurbine_France,France,18,9900,198,HydroRes,0.05,0.11,48,HYlimit_FR,0
HydroPump_France,France,18,1800,36,HydroPumpCL,0.2,0.05,48,-,0
WindLand_France,France,18,59599,1,Wind,0,0,0,WL1985_40_FR,0
WindSea_France,France,18,8363,1,Wind,0,0,0,WS1985_40_FR,0
PV_France,France,18,57920,1,Solar,0,0,0,PV1985_30_FR,0
SolarTh_France,France,18,0,1,Solar,0,0,0,PV1985_30_FR,0
OtherRES_France,France,18,2549,51,OtherRes_FR,0,0.528834837,0,-,0
OtherNonRES_France,France,18,6533,1,MustRun,0,0,0,OtherNonRES_FR,0
Biofuels_France,France,18,0,1,Biofuels,0.091666667,0.073972603,48,-,0
Peat_France,France,18,0,1,Peat,0.091666667,0.073972603,48,-,0
DSR_France,France,18,3400,340,DSR,0.25,0.05,48,-,0
Battery_France,France,18,5900,590,Battery,0.2,0.05,48,-,0
ReservesFrance,France,18,-2180,1,RS,0,0,0,-,0
Nuclear_Belgium,Belgium,19,0,1,NuclearBE,0.05,0.133,96,-,0
Lignite_Belgium,Belgium,19,0,1,KulUdland,0.091666667,0.073972603,48,-,0
Coal_Belgium,Belgium,19,540,1,KulUdland,0.091666667,0.073972603,48,-,0
Gas_Belgium,Belgium,19,8685,87,GasUdland,0.05,0.073972603,48,-,0
Oil_Belgium,Belgium,19,158,3,OlieUdland,0.093333333,0.073972603,48,-,0
HydroRun_Belgium,Belgium,19,148,1,ROR,0,0,0,HY1985_BE,0
HydroTurbine_Belgium,Belgium,19,0,1,HydroRes,0.05,0.11,48,-,0
HydroPump_Belgium,Belgium,19,1395,28,HydroPumpCL,0.2,0.05,48,-,0
WindLand_Belgium,Belgium,19,5409,1,Wind,0,0,0,WL1985_40_BE,0
WindSea_Belgium,Belgium,19,6072,1,Wind,0,0,0,WS1985_40_BE,0
PV_Belgium,Belgium,19,14295,1,Solar,0,0,0,PV1985_30_BE,0
SolarTh_Belgium,Belgium,19,0,1,Solar,0,0,0,PV1985_30_BE,0
OtherRES_Belgium,Belgium,19,206,1,MustRun,0,0,0,OtherRes_BE,0
OtherNonRES_Belgium,Belgium,19,1324,26,OtherNonRes_BE,0,0.36977492,0,-,0
Biofuels_Belgium,Belgium,19,0,1,Biofuels,0.091666667,0.073972603,48,-,0
Peat_Belgium,Belgium,19,0,1,Peat,0.091666667,0.073972603,48,-,0
DSR_Belgium,Belgium,19,1800,180,DSR,0.25,0.05,48,-,0
Battery_Belgium,Belgium,19,1841,184,Battery,0.2,0.05,48,-,0
ReservesBelgium,Belgium,19,-429.818973,1,RS,0,0,0,-,0
Nuclear_ESPT,ESPT,20,0,1,NuclearES,0.05,0.093,96,-,0
Lignite_ESPT,ESPT,20,0,1,KulUdland,0.091666667,0.073972603,48,-,0
Coal_ESPT,ESPT,20,0,1,KulUdland,0.091666667,0.073972603,48,-,0
Gas_ESPT,ESPT,20,27337,273,GasUdland,0.05,0.073972603,48,-,0
Oil_ESPT,ESPT,20,0,1,OlieUdland,0.093333333,0.073972603,48,-,0
HydroRun_ESPT,ESPT,20,4637,1,ROR,0,0,0,HY1985_ESPT,0
HydroTurbine_ESPT,ESPT,20,21250,425,HydroRes,0.05,0.11,48,HYlimit_ESPT,0
HydroPump_ESPT,ESPT,20,7392,148,HydroPumpCL,0.2,0.05,48,-,0
WindLand_ESPT,ESPT,20,66435,1,Wind,0,0,0,WL1985_40_ESPT,0
WindSea_ESPT,ESPT,20,528,1,Wind,0,0,0,WS1985_40_ESPT,0
PV_ESPT,ESPT,20,71981,1,Solar,0,0,0,PV1985_30_ESPT,0
SolarTh_ESPT,ESPT,20,7942,1,Solar,0,0,0,CSP1985_30_ESPT,0
OtherRES_ESPT,ESPT,20,3437,1,MustRun,0,0,0,OtherRes_ESPT,0
OtherNonRES_ESPT,ESPT,20,4521,1,MustRun,0,0,0,OtherNonRes_ESPT,0
Biofuels_ESPT,ESPT,20,0,1,Biofuels,0.091666667,0.073972603,48,-,0
Peat_ESPT,ESPT,20,0,1,Peat,0.091666667,0.073972603,48,-,0
DSR_ESPT,ESPT,20,1600,160,DSR,0.25,0.05,48,-,0
Battery_ESPT,ESPT,20,6781,678,Battery,0.2,0.05,48,-,0
ReservesESPT,ESPT,20,-2296,1,RS,0,0,0,-,0
Nuclear_Schweiz,Schweiz,21,0,1,NuclearCH,0.05,0.096,96,-,0
Lignite_Schweiz,Schweiz,21,0,1,KulUdland,0.091666667,0.073972603,48,-,0
Coal_Schweiz,Schweiz,21,0,1,KulUdland,0.091666667,0.073972603,48,-,0
Gas_Schweiz,Schweiz,21,0,1,GasUdland,0.05,0.073972603,48,-,0
Oil_Schweiz,Schweiz,21,0,1,OlieUdland,0.093333333,0.073972603,48,-,0
HydroRun_Schweiz,Schweiz,21,4113,1,ROR,0,0,0,HY1985_CH,0
HydroTurbine_Schweiz,Schweiz,21,8152,163,HydroRes,0.05,0.11,48,-,0
HydroPump_Schweiz,Schweiz,21,3989,80,HydroPumpCL,0.2,0.05,48,-,0
WindLand_Schweiz,Schweiz,21,500,1,Wind,0,0,0,WL1985_40_CH,0
WindSea_Schweiz,Schweiz,21,0,1,Wind,0,0,0,WS1985_25_CH,0
PV_Schweiz,Schweiz,21,8500,1,Solar,0,0,0,PV1985_30_CH,0
SolarTh_Schweiz,Schweiz,21,0,1,Solar,0,0,0,PV1985_30_CH,0
OtherRES_Schweiz,Schweiz,21,1197,24,OtherRes_CH,0,0.535832415,0,-,0
OtherNonRES_Schweiz,Schweiz,21,889,18,OtherNonRes_CH,0,0.535585042,0,-,0
Biofuels_Schweiz,Schweiz,21,0,1,Biofuels,0.091666667,0.073972603,48,-,0
Peat_Schweiz,Schweiz,21,0,1,Peat,0.091666667,0.073972603,48,-,0
DSR_Schweiz,Schweiz,21,0,1,DSR,0.25,0.05,48,-,0
Battery_Schweiz,Schweiz,21,1797,180,Battery,0.2,0.05,48,-,0
ReservesSchweiz,Schweiz,21,-869,1,RS,0,0,0,-,0
Nuclear_Italy,Italy,22,0,1,Nuclear,0.05,0.15,96,-,0
Lignite_Italy,Italy,22,0,1,KulUdland,0.091666667,0.073972603,48,-,0
Coal_Italy,Italy,22,0,1,KulUdland,0.091666667,0.073972603,48,-,0
Gas_Italy,Italy,22,44063,441,GasUdland,0.05,0.073972603,48,-,0
Oil_Italy,Italy,22,0,1,OlieUdland,0.093333333,0.073972603,48,-,0
HydroRun_Italy,Italy,22,5635,1,ROR,0,0,0,HY1985_IT,0
HydroTurbine_Italy,Italy,22,12888,258,HydroRes,0.05,0.11,48,HYlimit_IT,0
HydroPump_Italy,Italy,22,8577,172,HydroPumpCL,0.2,0.05,48,-,0
WindLand_Italy,Italy,22,22140,1,Wind,0,0,0,WL1985_40_IT,0
WindSea_Italy,Italy,22,900,1,Wind,0,0,0,WS1985_40_IT,0
PV_Italy,Italy,22,60169,1,Solar,0,0,0,PV1985_30_IT,0
SolarTh_Italy,Italy,22,880,1,Solar,0,0,0,CSP1985_30_IT,0
OtherRES_Italy,Italy,22,4931,99,OtherRes_IT,0,0.352266667,0,-,0
OtherNonRES_Italy,Italy,22,5984,1,MustRun,0,0,0,OtherNonRes_IT,0
Biofuels_Italy,Italy,22,0,1,Biofuels,0.091666667,0.073972603,48,-,0
Peat_Italy,Italy,22,0,1,Peat,0.091666667,0.073972603,48,-,0
DSR_Italy,Italy,22,2304,230,DSR,0.25,0.05,48,-,0
Battery_Italy,Italy,22,3062,306,Battery,0.2,0.05,48,-,0
ReservesItaly,Italy,22,-4500,1,RS,0,0,0,-,0
Nuclear_EELVLT,EELVLT,23,0,1,Nuclear,0.05,0.15,96,-,0
Lignite_EELVLT,EELVLT,23,0,1,KulUdland,0.091666667,0.073972603,48,-,0
Coal_EELVLT,EELVLT,23,0,1,KulUdland,0.091666667,0.073972603,48,-,0
Gas_EELVLT,EELVLT,23,531,5,GasUdland,0.05,0.073972603,48,-,0
Oil_EELVLT,EELVLT,23,810,16,OlieUdland,0.093333333,0.073972603,48,-,0
HydroRun_EELVLT,EELVLT,23,1736,1,ROR,0,0,0,HY1985_LVLT,0
HydroTurbine_EELVLT,EELVLT,23,0,1,HydroRes,0.05,0.11,48,-,0
HydroPump_EELVLT,EELVLT,23,1125,23,HydroPumpCL,0.2,0.05,48,-,0
WindLand_EELVLT,EELVLT,23,4266,1,Wind,0,0,0,WL1985_40_EELVLT,0
WindSea_EELVLT,EELVLT,23,1907,1,Wind,0,0,0,WS1985_40_EELVLT,0
PV_EELVLT,EELVLT,23,3079,1,Solar,0,0,0,PV1985_30_EELVLT,0
SolarTh_EELVLT,EELVLT,23,50,1,Solar,0,0,0,CSP1985_30_EELVLT,0
OtherRES_EELVLT,EELVLT,23,338,1,MustRun,0,0,0,OtherRes_EELVLT,0
OtherNonRES_EELVLT,EELVLT,23,294,6,OtherNonRes_EELVLT,0,0.213793103,0,-,0
Biofuels_EELVLT,EELVLT,23,0,1,Biofuels,0.091666667,0.073972603,48,-,0
Peat_EELVLT,EELVLT,23,0,1,Peat,0.091666667,0.073972603,48,-,0
DSR_EELVLT,EELVLT,23,211,21,DSR,0.25,0.05,48,-,0
Battery_EELVLT,EELVLT,23,917,92,Battery,0.2,0.05,48,-,0
ReservesEELVLT,EELVLT,23,-975,1,RS,0,0,0,-,0
Nuclear_Poland,Poland,24,5600,6,Nuclear,0.05,0.15,96,-,0
Lignite_Poland,Poland,24,1126,3,KulUdland,0.091666667,0.073972603,48,-,0
Coal_Poland,Poland,24,6710,17,KulUdland,0.091666667,0.073972603,48,-,0
Gas_Poland,Poland,24,10001,100,GasUdland,0.05,0.073972603,48,-,0
Oil_Poland,Poland,24,0,1,OlieUdland,0.093333333,0.073972603,48,-,0
HydroRun_Poland,Poland,24,536,1,ROR,0,0,0,HY1985_PL,0
HydroTurbine_Poland,Poland,24,362,7,HydroRes,0.05,0.11,48,-,0
HydroPump_Poland,Poland,24,1322,26,HydroPumpCL,0.2,0.05,48,-,0
WindLand_Poland,Poland,24,7700,1,Wind,0,0,0,WL1985_40_PL,0
WindSea_Poland,Poland,24,10320,1,Wind,0,0,0,WS1985_40_PL,0
PV_Poland,Poland,24,20156,1,Solar,0,0,0,PV1985_30_PL,0
SolarTh_Poland,Poland,24,0,1,Solar,0,0,0,PV1985_30_PL,0
OtherRES_Poland,Poland,24,2332,1,MustRun,0,0,0,OtherRes_PL,0
OtherNonRES_Poland,Poland,24,7759,1,MustRun,0,0,0,OtherNonRes_PL,0
Biofuels_Poland,Poland,24,0,1,Biofuels,0.091666667,0.073972603,48,-,0
Peat_Poland,Poland,24,0,1,Peat,0.091666667,0.073972603,48,-,0
DSR_Poland,Poland,24,0,1,DSR,0.25,0.05,48,-,0
Battery_Poland,Poland,24,2000,200,Battery,0.2,0.05,48,-,0
ReservesPoland,Poland,24,-1000,1,RS,0,0,0,-,0
Nuclear_CZSK,CZSK,25,6806,12,NuclearCZSK,0.05,0.146,96,-,0
Lignite_CZSK,CZSK,25,2144,5,KulUdland,0.091666667,0.073972603,48,-,0
Coal_CZSK,CZSK,25,656,2,KulUdland,0.091666667,0.073972603,48,-,0
Gas_CZSK,CZSK,25,2031,20,GasUdland,0.05,0.073972603,48,-,0
Oil_CZSK,CZSK,25,0,1,OlieUdland,0.093333333,0.073972603,48,-,0
HydroRun_CZSK,CZSK,25,1942,1,ROR,0,0,0,HY1985_CZSK,0
HydroTurbine_CZSK,CZSK,25,1446,29,HydroRes,0.05,0.11,48,HYlimit_CZSK,0
HydroPump_CZSK,CZSK,25,1336,27,HydroPumpCL,0.2,0.05,48,-,0
WindLand_CZSK,CZSK,25,1500,1,Wind,0,0,0,WL1985_40_CZSK,0
WindSea_CZSK,CZSK,25,0,1,Wind,0,0,0,WS1985_25_CZSK,0
PV_CZSK,CZSK,25,6034,1,Solar,0,0,0,PV1985_30_CZSK,0
SolarTh_CZSK,CZSK,25,0,1,Solar,0,0,0,PV1985_30_CZSK,0
OtherRES_CZSK,CZSK,25,1382,1,MustRun,0,0,0,OtherRes_CZSK,0
OtherNonRES_CZSK,CZSK,25,1398,1,MustRun,0,0,0,OtherNonRes_CZSK,0
Biofuels_CZSK,CZSK,25,0,1,Biofuels,0.091666667,0.073972603,48,-,0
Peat_CZSK,CZSK,25,0,1,Peat,0.091666667,0.073972603,48,-,0
DSR_CZSK,CZSK,25,0,1,DSR,0.25,0.05,48,-,0
Battery_CZSK,CZSK,25,1861,186,Battery,0.2,0.05,48,-,0
ReservesCZSK,CZSK,25,-1842.5,1,RS,0,0,0,-,0
Nuclear_Hungary,Hungary,26,2360,5,NuclearHU,0.05,0.081,96,-,0
Lignite_Hungary,Hungary,26,0,1,KulUdland,0.091666667,0.073972603,48,-,0
Coal_Hungary,Hungary,26,0,1,KulUdland,0.091666667,0.073972603,48,-,0
Gas_Hungary,Hungary,26,427,4,GasUdland,0.05,0.073972603,48,-,0
Oil_Hungary,Hungary,26,0,1,OlieUdland,0.093333333,0.073972603,48,-,0
HydroRun_Hungary,Hungary,26,57,1,ROR,0,0,0,HY1985_HU,0
HydroTurbine_Hungary,Hungary,26,0,1,HydroRes,0.05,0.11,48,-,0
HydroPump_Hungary,Hungary,26,0,1,HydroPumpCL,0.2,0.05,48,-,0
WindLand_Hungary,Hungary,26,0,1,Wind,0,0,0,WL1985_40_HU,0
WindSea_Hungary,Hungary,26,0,1,Wind,0,0,0,WS1985_25_HU,0
PV_Hungary,Hungary,26,7000,1,Solar,0,0,0,PV1985_30_HU,0
SolarTh_Hungary,Hungary,26,0,1,Solar,0,0,0,PV1985_30_HU,0
OtherRES_Hungary,Hungary,26,404,1,MustRun,0,0,0,OtherRes_HU,0
OtherNonRES_Hungary,Hungary,26,454,1,MustRun,0,0,0,OtherNonRes_HU,0
Biofuels_Hungary,Hungary,26,0,1,Biofuels,0.091666667,0.073972603,48,-,0
Peat_Hungary,Hungary,26,0,1,Peat,0.091666667,0.073972603,48,-,0
DSR_Hungary,Hungary,26,0,1,DSR,0.25,0.05,48,-,0
Battery_Hungary,Hungary,26,1261,126,Battery,0.2,0.05,48,-,0
ReservesHungary,Hungary,26,-1550,1,RS,0,0,0,-,0
